city,date,time,high,low,precipitation
Los Angeles,01-01-2022,23:59:00,68,45,0
Los Angeles,01-02-2022,23:59:00,68,47,0
Los Angeles,01-03-2022,23:59:00,66,45,0
Los Angeles,01-04-2022,23:59:00,63,38,0
Los Angeles,01-05-2022,23:59:00,68,44,0
Los Angeles,01-06-2022,23:59:00,67,45,0
Los Angeles,01-07-2022,23:59:00,59,43,0
Los Angeles,01-08-2022,23:59:00,68,44,0
Los Angeles,01-09-2022,23:59:00,67,47,0
Los Angeles,01-10-2022,23:59:00,67,48,0
Los Angeles,01-11-2022,23:59:00,68,47,0
Los Angeles,01-12-2022,23:59:00,67,46,0
Los Angeles,01-13-2022,23:59:00,70,45,0
Los Angeles,01-14-2022,23:59:00,68,46,0
Los Angeles,01-15-2022,23:59:00,67,46,0
Los Angeles,01-16-2022,23:59:00,68,46,0
Los Angeles,01-17-2022,23:59:00,69,46,0.11
Los Angeles,01-18-2022,23:59:00,69,46,0
Los Angeles,01-19-2022,23:59:00,69,46,0
Los Angeles,01-20-2022,23:59:00,67,45,0
Los Angeles,01-21-2022,23:59:00,67,44,0
Los Angeles,01-22-2022,23:59:00,70,43,0
Los Angeles,01-23-2022,23:59:00,68,44,0
Los Angeles,01-24-2022,23:59:00,68,47,0
Los Angeles,01-25-2022,23:59:00,67,47,0
Los Angeles,01-26-2022,23:59:00,66,45,0
Los Angeles,01-27-2022,23:59:00,67,42,0
Los Angeles,01-28-2022,23:59:00,68,43,0
Los Angeles,01-29-2022,23:59:00,69,42,0
Los Angeles,01-30-2022,23:59:00,70,45,0
Los Angeles,01-31-2022,23:59:00,69,46,0
Los Angeles,02-01-2022,23:59:00,70,46,0
Los Angeles,02-02-2022,23:59:00,70,47,0
Los Angeles,02-03-2022,23:59:00,70,45,0
Los Angeles,02-04-2022,23:59:00,71,46,0
Los Angeles,02-05-2022,23:59:00,71,45,0
Los Angeles,02-06-2022,23:59:00,70,45,0
Los Angeles,02-07-2022,23:59:00,66,46,0
Los Angeles,02-08-2022,23:59:00,66,45,0
Los Angeles,02-09-2022,23:59:00,66,43,0
Los Angeles,02-10-2022,23:59:00,64,44,0
Los Angeles,02-11-2022,23:59:00,65,45,0
Los Angeles,02-12-2022,23:59:00,67,49,0
Los Angeles,02-13-2022,23:59:00,68,46,0
Los Angeles,02-14-2022,23:59:00,69,46,0
Los Angeles,02-15-2022,23:59:00,60,43,0.02
Los Angeles,02-16-2022,23:59:00,65,39,0
Los Angeles,02-17-2022,23:59:00,68,45,0
Los Angeles,02-18-2022,23:59:00,66,45,0
Los Angeles,02-19-2022,23:59:00,67,46,0
Los Angeles,02-20-2022,23:59:00,66,46,0
Los Angeles,02-21-2022,23:59:00,63,51,0
Los Angeles,02-22-2022,23:59:00,60,45,0.15
Los Angeles,02-23-2022,23:59:00,70,47,0
Los Angeles,02-24-2022,23:59:00,68,44,0
Los Angeles,02-25-2022,23:59:00,66,43,0
Los Angeles,02-26-2022,23:59:00,66,45,0
Los Angeles,02-27-2022,23:59:00,65,45,0
Los Angeles,02-28-2022,23:59:00,67,42,0
Los Angeles,03-01-2022,23:59:00,68,44,0
Los Angeles,03-02-2022,23:59:00,68,44,0
Los Angeles,03-03-2022,23:59:00,68,45,0
Los Angeles,03-04-2022,23:59:00,62,49,0.02
Los Angeles,03-05-2022,23:59:00,59,42,0.07
Los Angeles,03-06-2022,23:59:00,69,45,0
Los Angeles,03-07-2022,23:59:00,72,45,0
Los Angeles,03-08-2022,23:59:00,72,46,0
Los Angeles,03-09-2022,23:59:00,70,42,0
Los Angeles,03-10-2022,23:59:00,74,47,0
Los Angeles,03-11-2022,23:59:00,77,49,0
Los Angeles,03-12-2022,23:59:00,76,47,0
Los Angeles,03-13-2022,23:59:00,72,44,0
Los Angeles,03-14-2022,23:59:00,75,47,0
Los Angeles,03-15-2022,23:59:00,71,46,0
Los Angeles,03-16-2022,23:59:00,71,46,0
Los Angeles,03-17-2022,23:59:00,73,45,0
Los Angeles,03-18-2022,23:59:00,77,47,0
Los Angeles,03-19-2022,23:59:00,72,53,0
Los Angeles,03-20-2022,23:59:00,74,48,0
Los Angeles,03-21-2022,23:59:00,73,46,0
Los Angeles,03-22-2022,23:59:00,71,45,0
Los Angeles,03-23-2022,23:59:00,68,46,0
Los Angeles,03-24-2022,23:59:00,89,56,0
Los Angeles,03-25-2022,23:59:00,89,53,0
Los Angeles,03-26-2022,23:59:00,83,49,0
Los Angeles,03-27-2022,23:59:00,71,47,0
Los Angeles,03-28-2022,23:59:00,61,52,0.08
Los Angeles,03-29-2022,23:59:00,73,46,0.02
Los Angeles,03-30-2022,23:59:00,73,48,0
Los Angeles,03-31-2022,23:59:00,74,47,0
Los Angeles,04-01-2022,23:59:00,70,45,0
Los Angeles,04-02-2022,23:59:00,71,44,0
Los Angeles,04-03-2022,23:59:00,69,43,0
Los Angeles,04-04-2022,23:59:00,70,43,0
Los Angeles,04-05-2022,23:59:00,82,51,0
Los Angeles,04-06-2022,23:59:00,69,43,0
Los Angeles,04-07-2022,23:59:00,71,44,0
Los Angeles,04-08-2022,23:59:00,72,43,0
Los Angeles,04-09-2022,23:59:00,86,60,0
Los Angeles,04-10-2022,23:59:00,74,44,0.01
Los Angeles,04-11-2022,23:59:00,73,45,0.04
Los Angeles,04-12-2022,23:59:00,74,44,0
Los Angeles,04-13-2022,23:59:00,73,42,0
Los Angeles,04-14-2022,23:59:00,74,46,0
Los Angeles,04-15-2022,23:59:00,73,45,0
Los Angeles,04-16-2022,23:59:00,70,51,0
Los Angeles,04-17-2022,23:59:00,78,54,0
Los Angeles,04-18-2022,23:59:00,82,51,0
Los Angeles,04-19-2022,23:59:00,75,54,0
Los Angeles,04-20-2022,23:59:00,72,50,0
Los Angeles,04-21-2022,23:59:00,72,47,0
Los Angeles,04-22-2022,23:59:00,66,50,0.16
Los Angeles,04-23-2022,23:59:00,78,47,0
Los Angeles,04-24-2022,23:59:00,77,48,0
Los Angeles,04-25-2022,23:59:00,80,51,0
Los Angeles,04-26-2022,23:59:00,85,56,0
Los Angeles,04-27-2022,23:59:00,77,54,0
Los Angeles,04-28-2022,23:59:00,69,52,0
Los Angeles,04-29-2022,23:59:00,77,46,0
Los Angeles,04-30-2022,23:59:00,78,47,0
Los Angeles,05-01-2022,23:59:00,75,52,0
Los Angeles,05-02-2022,23:59:00,77,49,0
Los Angeles,05-03-2022,23:59:00,76,49,0
Los Angeles,05-04-2022,23:59:00,76,49,0
Los Angeles,05-05-2022,23:59:00,85,55,0
Los Angeles,05-06-2022,23:59:00,83,53,0
Los Angeles,05-07-2022,23:59:00,79,56,0
Los Angeles,05-08-2022,23:59:00,78,51,0.05
Los Angeles,05-09-2022,23:59:00,68,49,0
Los Angeles,05-10-2022,23:59:00,72,45,0
Los Angeles,05-11-2022,23:59:00,73,45,0
Los Angeles,05-12-2022,23:59:00,78,50,0
Los Angeles,05-13-2022,23:59:00,78,50,0
Los Angeles,05-14-2022,23:59:00,77,49,0
Los Angeles,05-15-2022,23:59:00,87,58,0
Los Angeles,05-16-2022,23:59:00,79,57,0
Los Angeles,05-17-2022,23:59:00,77,50,0
Los Angeles,05-18-2022,23:59:00,78,51,0
Los Angeles,05-19-2022,23:59:00,77,51,0
Los Angeles,05-20-2022,23:59:00,77,51,0.15
Los Angeles,05-21-2022,23:59:00,72,57,0.01
Los Angeles,05-22-2022,23:59:00,79,50,0
Los Angeles,05-23-2022,23:59:00,76,50,0
Los Angeles,05-24-2022,23:59:00,75,52,0
Los Angeles,05-25-2022,23:59:00,72,52,0
Los Angeles,05-26-2022,23:59:00,82,60,0
Los Angeles,05-27-2022,23:59:00,80,58,0
Los Angeles,05-28-2022,23:59:00,68,58,0
Los Angeles,05-29-2022,23:59:00,76,58,0
Los Angeles,05-30-2022,23:59:00,78,55,0
Los Angeles,05-31-2022,23:59:00,82,54,0
Los Angeles,06-01-2022,23:59:00,82,53,0
Los Angeles,06-02-2022,23:59:00,86,57,0
Los Angeles,06-03-2022,23:59:00,80,61,0
Los Angeles,06-04-2022,23:59:00,76,61,0
Los Angeles,06-05-2022,23:59:00,82,62,0
Los Angeles,06-06-2022,23:59:00,85,61,0
Los Angeles,06-07-2022,23:59:00,78,52,0
Los Angeles,06-08-2022,23:59:00,77,53,0
Los Angeles,06-09-2022,23:59:00,81,52,0
Los Angeles,06-10-2022,23:59:00,94,62,0
Los Angeles,06-11-2022,23:59:00,91,62,0
Los Angeles,06-12-2022,23:59:00,79,51,0
Los Angeles,06-13-2022,23:59:00,79,63,0
Los Angeles,06-14-2022,23:59:00,83,53,0
Los Angeles,06-15-2022,23:59:00,82,53,0
Los Angeles,06-16-2022,23:59:00,81,53,0
Los Angeles,06-17-2022,23:59:00,82,59,0
Los Angeles,06-18-2022,23:59:00,80,56,0
Los Angeles,06-19-2022,23:59:00,83,55,0
Los Angeles,06-20-2022,23:59:00,82,54,0
Los Angeles,06-21-2022,23:59:00,92,60,0.1
Los Angeles,06-22-2022,23:59:00,89,64,0
Los Angeles,06-23-2022,23:59:00,86,53,0
Los Angeles,06-24-2022,23:59:00,94,61,0
Los Angeles,06-25-2022,23:59:00,87,54,0
Los Angeles,06-26-2022,23:59:00,95,60,0
Los Angeles,06-27-2022,23:59:00,99,63,0
Los Angeles,06-28-2022,23:59:00,99,65,0
Los Angeles,06-29-2022,23:59:00,88,55,0
Los Angeles,06-30-2022,23:59:00,87,55,0
Los Angeles,07-01-2022,23:59:00,92,63,0
Los Angeles,07-02-2022,23:59:00,88,61,0
Los Angeles,07-03-2022,23:59:00,83,60,0
Los Angeles,07-04-2022,23:59:00,83,59,0
Los Angeles,07-05-2022,23:59:00,85,59,0
Los Angeles,07-06-2022,23:59:00,86,62,0
Los Angeles,07-07-2022,23:59:00,91,59,0
Los Angeles,07-08-2022,23:59:00,90,61,0
Los Angeles,07-09-2022,23:59:00,89,57,0
Los Angeles,07-10-2022,23:59:00,93,60,0
Los Angeles,07-11-2022,23:59:00,87,57,0
Los Angeles,07-12-2022,23:59:00,88,57,0
Los Angeles,07-13-2022,23:59:00,89,58,0
Los Angeles,07-14-2022,23:59:00,89,57,0
Los Angeles,07-15-2022,23:59:00,89,57,0
Los Angeles,07-16-2022,23:59:00,90,57,0
Los Angeles,07-17-2022,23:59:00,89,58,0
Los Angeles,07-18-2022,23:59:00,94,70,0
Los Angeles,07-19-2022,23:59:00,88,57,0
Los Angeles,07-20-2022,23:59:00,88,57,0
Los Angeles,07-21-2022,23:59:00,87,56,0
Los Angeles,07-22-2022,23:59:00,86,55,0
Los Angeles,07-23-2022,23:59:00,87,56,0
Los Angeles,07-24-2022,23:59:00,88,57,0
Los Angeles,07-25-2022,23:59:00,89,56,0
Los Angeles,07-26-2022,23:59:00,91,57,0
Los Angeles,07-27-2022,23:59:00,90,57,0
Los Angeles,07-28-2022,23:59:00,90,57,0
Los Angeles,07-29-2022,23:59:00,89,57,0
Los Angeles,07-30-2022,23:59:00,90,67,0
Los Angeles,07-31-2022,23:59:00,90,56,0
Los Angeles,08-01-2022,23:59:00,92,69,0
Los Angeles,08-02-2022,23:59:00,90,68,0
Los Angeles,08-03-2022,23:59:00,93,67,0
Los Angeles,08-04-2022,23:59:00,91,57,0
Los Angeles,08-05-2022,23:59:00,92,57,0
Los Angeles,08-06-2022,23:59:00,94,65,0
Los Angeles,08-07-2022,23:59:00,100,64,0
Los Angeles,08-08-2022,23:59:00,92,57,0
Los Angeles,08-09-2022,23:59:00,99,71,0
Los Angeles,08-10-2022,23:59:00,97,69,0
Los Angeles,08-11-2022,23:59:00,98,67,0
Los Angeles,08-12-2022,23:59:00,94,59,0
Los Angeles,08-13-2022,23:59:00,95,60,0
Los Angeles,08-14-2022,23:59:00,98,67,0
Los Angeles,08-15-2022,23:59:00,96,65,0
Los Angeles,08-16-2022,23:59:00,97,66,0
Los Angeles,08-17-2022,23:59:00,91,58,0
Los Angeles,08-18-2022,23:59:00,90,56,0
Los Angeles,08-19-2022,23:59:00,90,58,0
Los Angeles,08-20-2022,23:59:00,89,56,0
Los Angeles,08-21-2022,23:59:00,89,55,0
Los Angeles,08-22-2022,23:59:00,89,55,0
Los Angeles,08-23-2022,23:59:00,92,55,0
Los Angeles,08-24-2022,23:59:00,92,56,0
Los Angeles,08-25-2022,23:59:00,94,67,0
Los Angeles,08-26-2022,23:59:00,93,57,0
Los Angeles,08-27-2022,23:59:00,93,56,0
Los Angeles,08-28-2022,23:59:00,92,58,0
Los Angeles,08-29-2022,23:59:00,92,59,0
Los Angeles,08-30-2022,23:59:00,90,57,0
Los Angeles,08-31-2022,23:59:00,90,56,0
Los Angeles,09-01-2022,23:59:00,104,75,0
Los Angeles,09-02-2022,23:59:00,103,72,0.02
Los Angeles,09-03-2022,23:59:00,105,76,0
Los Angeles,09-04-2022,23:59:00,90,58,0
Los Angeles,09-05-2022,23:59:00,104,75,0
Los Angeles,09-06-2022,23:59:00,103,72,0
Los Angeles,09-07-2022,23:59:00,104,73,0
Los Angeles,09-08-2022,23:59:00,102,73,0
Los Angeles,09-09-2022,23:59:00,96,70,0.21
Los Angeles,09-10-2022,23:59:00,81,70,0
Los Angeles,09-11-2022,23:59:00,88,54,0
Los Angeles,09-12-2022,23:59:00,89,70,0
Los Angeles,09-13-2022,23:59:00,86,68,0
Los Angeles,09-14-2022,23:59:00,85,66,0
Los Angeles,09-15-2022,23:59:00,88,55,0
Los Angeles,09-16-2022,23:59:00,86,55,0
Los Angeles,09-17-2022,23:59:00,81,61,0
Los Angeles,09-18-2022,23:59:00,85,53,0
Los Angeles,09-19-2022,23:59:00,84,58,0
Los Angeles,09-20-2022,23:59:00,84,53,0
Los Angeles,09-21-2022,23:59:00,89,55,0
Los Angeles,09-22-2022,23:59:00,88,57,0
Los Angeles,09-23-2022,23:59:00,88,57,0
Los Angeles,09-24-2022,23:59:00,95,65,0
Los Angeles,09-25-2022,23:59:00,95,64,0
Los Angeles,09-26-2022,23:59:00,97,65,0
Los Angeles,09-27-2022,23:59:00,100,64,0
Los Angeles,09-28-2022,23:59:00,98,65,0
Los Angeles,09-29-2022,23:59:00,90,63,0
Los Angeles,09-30-2022,23:59:00,87,56,0
Los Angeles,10-01-2022,23:59:00,86,55,0
Los Angeles,10-02-2022,23:59:00,84,63,0
Los Angeles,10-03-2022,23:59:00,85,60,0
Los Angeles,10-04-2022,23:59:00,88,60,0
Los Angeles,10-05-2022,23:59:00,87,62,0
Los Angeles,10-06-2022,23:59:00,83,53,0
Los Angeles,10-07-2022,23:59:00,88,61,0
Los Angeles,10-08-2022,23:59:00,88,61,0.03
Los Angeles,10-09-2022,23:59:00,86,61,0
Los Angeles,10-10-2022,23:59:00,83,62,0
Los Angeles,10-11-2022,23:59:00,81,50,0
Los Angeles,10-12-2022,23:59:00,85,62,0
Los Angeles,10-13-2022,23:59:00,86,53,0
Los Angeles,10-14-2022,23:59:00,83,53,0
Los Angeles,10-15-2022,23:59:00,79,51,0
Los Angeles,10-16-2022,23:59:00,80,51,0
Los Angeles,10-17-2022,23:59:00,84,56,0
Los Angeles,10-18-2022,23:59:00,80,50,0
Los Angeles,10-19-2022,23:59:00,81,51,0
Los Angeles,10-20-2022,23:59:00,81,50,0
Los Angeles,10-21-2022,23:59:00,77,51,0
Los Angeles,10-22-2022,23:59:00,72,60,0.04
Los Angeles,10-23-2022,23:59:00,81,52,0
Los Angeles,10-24-2022,23:59:00,79,51,0
Los Angeles,10-25-2022,23:59:00,79,50,0
Los Angeles,10-26-2022,23:59:00,76,50,0
Los Angeles,10-27-2022,23:59:00,78,49,0
Los Angeles,10-28-2022,23:59:00,75,48,0
Los Angeles,10-29-2022,23:59:00,73,48,0
Los Angeles,10-30-2022,23:59:00,74,48,0
Los Angeles,10-31-2022,23:59:00,76,48,0
Los Angeles,11-01-2022,23:59:00,76,49,0.02
Los Angeles,11-02-2022,23:59:00,77,50,0
Los Angeles,11-03-2022,23:59:00,76,47,0
Los Angeles,11-04-2022,23:59:00,74,45,0
Los Angeles,11-05-2022,23:59:00,74,45,0
Los Angeles,11-06-2022,23:59:00,72,48,0
Los Angeles,11-07-2022,23:59:00,62,54,0
Los Angeles,11-08-2022,23:59:00,65,50,0.06
Los Angeles,11-09-2022,23:59:00,71,48,0.08
Los Angeles,11-10-2022,23:59:00,70,46,0
Los Angeles,11-11-2022,23:59:00,71,47,0
Los Angeles,11-12-2022,23:59:00,73,46,0
Los Angeles,11-13-2022,23:59:00,74,46,0
Los Angeles,11-14-2022,23:59:00,70,44,0
Los Angeles,11-15-2022,23:59:00,72,47,0
Los Angeles,11-16-2022,23:59:00,71,44,0
Los Angeles,11-17-2022,23:59:00,69,45,0
Los Angeles,11-18-2022,23:59:00,74,45,0
Los Angeles,11-19-2022,23:59:00,74,45,0
Los Angeles,11-20-2022,23:59:00,73,49,0
Los Angeles,11-21-2022,23:59:00,71,45,0
Los Angeles,11-22-2022,23:59:00,69,46,0
Los Angeles,11-23-2022,23:59:00,71,44,0
Los Angeles,11-24-2022,23:59:00,71,43,0
Los Angeles,11-25-2022,23:59:00,71,44,0
Los Angeles,11-26-2022,23:59:00,70,46,0
Los Angeles,11-27-2022,23:59:00,68,46,0
Los Angeles,11-28-2022,23:59:00,65,51,0
Los Angeles,11-29-2022,23:59:00,68,46,0
Los Angeles,11-30-2022,23:59:00,69,45,0
Los Angeles,12-01-2022,23:59:00,68,42,0
Los Angeles,12-02-2022,23:59:00,68,43,0.13
Los Angeles,12-03-2022,23:59:00,67,44,0
Los Angeles,12-04-2022,23:59:00,63,50,0.02
Los Angeles,12-05-2022,23:59:00,64,47,0
Los Angeles,12-06-2022,23:59:00,65,43,0
Los Angeles,12-07-2022,23:59:00,64,44,0
Los Angeles,12-08-2022,23:59:00,67,43,0
Los Angeles,12-09-2022,23:59:00,66,42,0
Los Angeles,12-10-2022,23:59:00,64,41,0.04
Los Angeles,12-11-2022,23:59:00,57,41,0.15
Los Angeles,12-12-2022,23:59:00,53,39,0.06
Los Angeles,12-13-2022,23:59:00,59,36,0
Los Angeles,12-14-2022,23:59:00,63,41,0
Los Angeles,12-15-2022,23:59:00,67,42,0
Los Angeles,12-16-2022,23:59:00,68,47,0
Los Angeles,12-17-2022,23:59:00,70,44,0
Los Angeles,12-18-2022,23:59:00,66,43,0
Los Angeles,12-19-2022,23:59:00,68,43,0
Los Angeles,12-20-2022,23:59:00,66,42,0
Los Angeles,12-21-2022,23:59:00,64,39,0
Los Angeles,12-22-2022,23:59:00,65,43,0
Los Angeles,12-23-2022,23:59:00,64,44,0
Los Angeles,12-24-2022,23:59:00,64,45,0
Los Angeles,12-25-2022,23:59:00,66,43,0
Los Angeles,12-26-2022,23:59:00,67,43,0
Los Angeles,12-27-2022,23:59:00,68,43,0.12
Los Angeles,12-28-2022,23:59:00,67,42,0
Los Angeles,12-29-2022,23:59:00,67,46,0
Los Angeles,12-30-2022,23:59:00,66,44,0
Los Angeles,12-31-2022,23:59:00,66,43,0
Merced,01-01-2022,23:59:00,51,26,0
Merced,01-02-2022,23:59:00,58,26,0
Merced,01-03-2022,23:59:00,57,26,0.01
Merced,01-04-2022,23:59:00,54,37,0
Merced,01-05-2022,23:59:00,58,35,0
Merced,01-06-2022,23:59:00,61,39,0
Merced,01-07-2022,23:59:00,58,46,0.03
Merced,01-08-2022,23:59:00,50,38,0.01
Merced,01-09-2022,23:59:00,64,29,0
Merced,01-10-2022,23:59:00,61,32,0
Merced,01-11-2022,23:59:00,61,30,0
Merced,01-12-2022,23:59:00,64,31,0.01
Merced,01-13-2022,23:59:00,60,36,0
Merced,01-14-2022,23:59:00,54,37,0
Merced,01-15-2022,23:59:00,53,35,0.01
Merced,01-16-2022,23:59:00,62,40,0
Merced,01-17-2022,23:59:00,59,37,0
Merced,01-18-2022,23:59:00,65,37,0
Merced,01-19-2022,23:59:00,63,32,0
Merced,01-20-2022,23:59:00,56,37,0
Merced,01-21-2022,23:59:00,59,34,0
Merced,01-22-2022,23:59:00,61,30,0.01
Merced,01-23-2022,23:59:00,64,28,0
Merced,01-24-2022,23:59:00,63,28,0.01
Merced,01-25-2022,23:59:00,62,29,0
Merced,01-26-2022,23:59:00,67,29,0
Merced,01-27-2022,23:59:00,67,29,0.01
Merced,01-28-2022,23:59:00,67,29,0
Merced,01-29-2022,23:59:00,62,29,0.01
Merced,01-30-2022,23:59:00,65,28,0
Merced,01-31-2022,23:59:00,58,30,0
Merced,02-01-2022,23:59:00,56,26,0
Merced,02-02-2022,23:59:00,60,38,0
Merced,02-03-2022,23:59:00,61,27,0
Merced,02-04-2022,23:59:00,67,27,0
Merced,02-05-2022,23:59:00,65,29,0
Merced,02-06-2022,23:59:00,68,28,0
Merced,02-07-2022,23:59:00,70,28,0
Merced,02-08-2022,23:59:00,72,29,0
Merced,02-09-2022,23:59:00,71,31,0.01
Merced,02-10-2022,23:59:00,77,33,0
Merced,02-11-2022,23:59:00,75,34,0
Merced,02-12-2022,23:59:00,81,34,0
Merced,02-13-2022,23:59:00,80,35,0
Merced,02-14-2022,23:59:00,76,36,0
Merced,02-15-2022,23:59:00,61,36,0
Merced,02-16-2022,23:59:00,63,29,0
Merced,02-17-2022,23:59:00,69,30,0
Merced,02-18-2022,23:59:00,67,30,0
Merced,02-19-2022,23:59:00,73,29,0
Merced,02-20-2022,23:59:00,72,31,0
Merced,02-21-2022,23:59:00,59,33,0
Merced,02-22-2022,23:59:00,64,40,0.16
Merced,02-23-2022,23:59:00,53,28,0.01
Merced,02-24-2022,23:59:00,58,25,0
Merced,02-25-2022,23:59:00,60,24,0
Merced,02-26-2022,23:59:00,66,27,0
Merced,02-27-2022,23:59:00,70,31,0
Merced,02-28-2022,23:59:00,74,40,0
Merced,03-01-2022,23:59:00,75,33,0
Merced,03-02-2022,23:59:00,76,38,0
Merced,03-03-2022,23:59:00,71,40,0
Merced,03-04-2022,23:59:00,65,39,0.01
Merced,03-05-2022,23:59:00,56,33,0
Merced,03-06-2022,23:59:00,61,29,0
Merced,03-07-2022,23:59:00,64,27,0
Merced,03-08-2022,23:59:00,69,31,0
Merced,03-09-2022,23:59:00,72,32,0
Merced,03-10-2022,23:59:00,69,33,0
Merced,03-11-2022,23:59:00,72,28,0
Merced,03-12-2022,23:59:00,79,31,0
Merced,03-13-2022,23:59:00,69,46,0
Merced,03-14-2022,23:59:00,75,34,0
Merced,03-15-2022,23:59:00,70,41,0.02
Merced,03-16-2022,23:59:00,72,45,0
Merced,03-17-2022,23:59:00,75,41,0
Merced,03-18-2022,23:59:00,77,37,0
Merced,03-19-2022,23:59:00,61,46,0.35
Merced,03-20-2022,23:59:00,70,42,0
Merced,03-21-2022,23:59:00,74,36,0
Merced,03-22-2022,23:59:00,81,40,0
Merced,03-23-2022,23:59:00,85,45,0
Merced,03-24-2022,23:59:00,87,46,0
Merced,03-25-2022,23:59:00,84,45,0
Merced,03-26-2022,23:59:00,84,46,0
Merced,03-27-2022,23:59:00,79,48,0
Merced,03-28-2022,23:59:00,64,45,0.53
Merced,03-29-2022,23:59:00,68,42,0.01
Merced,03-30-2022,23:59:00,69,44,0
Merced,03-31-2022,23:59:00,70,42,0
Merced,04-01-2022,23:59:00,76,41,0
Merced,04-02-2022,23:59:00,79,41,0
Merced,04-03-2022,23:59:00,82,42,0
Merced,04-04-2022,23:59:00,75,44,0
Merced,04-05-2022,23:59:00,73,47,0
Merced,04-06-2022,23:59:00,82,41,0
Merced,04-07-2022,23:59:00,90,45,0
Merced,04-08-2022,23:59:00,92,47,0
Merced,04-09-2022,23:59:00,77,52,0
Merced,04-10-2022,23:59:00,72,46,0
Merced,04-11-2022,23:59:00,62,45,0
Merced,04-12-2022,23:59:00,62,43,0
Merced,04-13-2022,23:59:00,66,37,0
Merced,04-14-2022,23:59:00,67,47,0
Merced,04-15-2022,23:59:00,75,45,0
Merced,04-16-2022,23:59:00,70,48,0.19
Merced,04-17-2022,23:59:00,76,41,0
Merced,04-18-2022,23:59:00,74,42,0
Merced,04-19-2022,23:59:00,70,45,0
Merced,04-20-2022,23:59:00,75,46,0
Merced,04-21-2022,23:59:00,61,49,0.32
Merced,04-22-2022,23:59:00,67,46,0.13
Merced,04-23-2022,23:59:00,74,41,0
Merced,04-24-2022,23:59:00,81,40,0
Merced,04-25-2022,23:59:00,85,58,0
Merced,04-26-2022,23:59:00,77,47,0
Merced,04-27-2022,23:59:00,78,40,0
Merced,04-28-2022,23:59:00,71,43,0
Merced,04-29-2022,23:59:00,77,46,0
Merced,04-30-2022,23:59:00,82,40,0
Merced,05-01-2022,23:59:00,78,42,0
Merced,05-02-2022,23:59:00,77,42,0
Merced,05-03-2022,23:59:00,79,48,0
Merced,05-04-2022,23:59:00,89,43,0
Merced,05-05-2022,23:59:00,84,47,0
Merced,05-06-2022,23:59:00,82,56,0
Merced,05-07-2022,23:59:00,75,53,0
Merced,05-08-2022,23:59:00,68,44,0
Merced,05-09-2022,23:59:00,66,38,0
Merced,05-10-2022,23:59:00,66,39,0
Merced,05-11-2022,23:59:00,70,37,0
Merced,05-12-2022,23:59:00,75,39,0
Merced,05-13-2022,23:59:00,83,49,0
Merced,05-14-2022,23:59:00,88,53,0
Merced,05-15-2022,23:59:00,91,52,0
Merced,05-16-2022,23:59:00,83,54,0
Merced,05-17-2022,23:59:00,86,47,0
Merced,05-18-2022,23:59:00,91,51,0
Merced,05-19-2022,23:59:00,91,62,0
Merced,05-20-2022,23:59:00,85,53,0
Merced,05-21-2022,23:59:00,85,42,0
Merced,05-22-2022,23:59:00,89,46,0
Merced,05-23-2022,23:59:00,89,57,0
Merced,05-24-2022,23:59:00,94,51,0
Merced,05-25-2022,23:59:00,100,54,0
Merced,05-26-2022,23:59:00,93,56,0
Merced,05-27-2022,23:59:00,82,55,0
Merced,05-28-2022,23:59:00,81,59,0
Merced,05-29-2022,23:59:00,78,54,0
Merced,05-30-2022,23:59:00,81,54,0
Merced,05-31-2022,23:59:00,87,47,0
Merced,06-01-2022,23:59:00,92,50,0
Merced,06-02-2022,23:59:00,92,52,0
Merced,06-03-2022,23:59:00,88,61,0
Merced,06-04-2022,23:59:00,82,60,0
Merced,06-05-2022,23:59:00,87,59,0
Merced,06-06-2022,23:59:00,87,62,0
Merced,06-07-2022,23:59:00,93,54,0
Merced,06-08-2022,23:59:00,92,49,0
Merced,06-09-2022,23:59:00,94,56,0
Merced,06-10-2022,23:59:00,100,59,0
Merced,06-11-2022,23:59:00,98,64,0
Merced,06-12-2022,23:59:00,91,61,0
Merced,06-13-2022,23:59:00,83,57,0
Merced,06-14-2022,23:59:00,89,50,0
Merced,06-15-2022,23:59:00,96,52,0
Merced,06-16-2022,23:59:00,90,57,0
Merced,06-17-2022,23:59:00,76,55,0
Merced,06-18-2022,23:59:00,79,50,0
Merced,06-19-2022,23:59:00,85,46,0
Merced,06-20-2022,23:59:00,92,51,0
Merced,06-21-2022,23:59:00,99,50,0
Merced,06-22-2022,23:59:00,98,54,0
Merced,06-23-2022,23:59:00,101,64,0.05
Merced,06-24-2022,23:59:00,103,61,0
Merced,06-25-2022,23:59:00,102,60,0
Merced,06-26-2022,23:59:00,101,59,0
Merced,06-27-2022,23:59:00,102,58,0
Merced,06-28-2022,23:59:00,95,60,0
Merced,06-29-2022,23:59:00,99,58,0
Merced,06-30-2022,23:59:00,93,56,0
Merced,07-01-2022,23:59:00,93,53,0
Merced,07-02-2022,23:59:00,88,54,0
Merced,07-03-2022,23:59:00,82,54,0
Merced,07-04-2022,23:59:00,88,54,0
Merced,07-05-2022,23:59:00,90,63,0
Merced,07-06-2022,23:59:00,86,62,0
Merced,07-07-2022,23:59:00,89,60,0
Merced,07-08-2022,23:59:00,95,58,0
Merced,07-09-2022,23:59:00,92,63,0
Merced,07-10-2022,23:59:00,96,57,0
Merced,07-11-2022,23:59:00,101,60,0
Merced,07-12-2022,23:59:00,97,63,0
Merced,07-13-2022,23:59:00,93,60,0
Merced,07-14-2022,23:59:00,99,58,0
Merced,07-15-2022,23:59:00,97,60,0
Merced,07-16-2022,23:59:00,102,60,0
Merced,07-17-2022,23:59:00,103,63,0
Merced,07-18-2022,23:59:00,103,63,0
Merced,07-19-2022,23:59:00,101,67,0
Merced,07-20-2022,23:59:00,101,62,0
Merced,07-21-2022,23:59:00,100,57,0
Merced,07-22-2022,23:59:00,99,60,0
Merced,07-23-2022,23:59:00,97,54,0
Merced,07-24-2022,23:59:00,99,55,0
Merced,07-25-2022,23:59:00,96,60,0
Merced,07-26-2022,23:59:00,96,63,0
Merced,07-27-2022,23:59:00,95,60,0
Merced,07-28-2022,23:59:00,97,61,0
Merced,07-29-2022,23:59:00,98,64,0
Merced,07-30-2022,23:59:00,98,68,0
Merced,07-31-2022,23:59:00,95,69,0
Merced,08-01-2022,23:59:00,92,70,0
Merced,08-02-2022,23:59:00,99,65,0
Merced,08-03-2022,23:59:00,100,69,0
Merced,08-04-2022,23:59:00,101,68,0
Merced,08-05-2022,23:59:00,88,69,0
Merced,08-06-2022,23:59:00,92,62,0
Merced,08-07-2022,23:59:00,94,56,0
Merced,08-08-2022,23:59:00,93,62,0
Merced,08-09-2022,23:59:00,93,67,0
Merced,08-10-2022,23:59:00,92,62,0
Merced,08-11-2022,23:59:00,95,58,0
Merced,08-12-2022,23:59:00,95,54,0
Merced,08-13-2022,23:59:00,97,53,0
Merced,08-14-2022,23:59:00,98,51,0
Merced,08-15-2022,23:59:00,100,51,0
Merced,08-16-2022,23:59:00,103,55,0
Merced,08-17-2022,23:59:00,101,65,0
Merced,08-18-2022,23:59:00,101,60,0
Merced,08-19-2022,23:59:00,101,55,0
Merced,08-20-2022,23:59:00,103,52,0
Merced,08-21-2022,23:59:00,99,56,0
Merced,08-22-2022,23:59:00,96,55,0
Merced,08-23-2022,23:59:00,99,55,0
Merced,08-24-2022,23:59:00,104,57,0
Merced,08-25-2022,23:59:00,99,57,0
Merced,08-26-2022,23:59:00,98,55,0
Merced,08-27-2022,23:59:00,98,56,0
Merced,08-28-2022,23:59:00,93,54,0
Merced,08-29-2022,23:59:00,96,57,0
Merced,08-30-2022,23:59:00,99,58,0
Merced,08-31-2022,23:59:00,98,56,0
Merced,09-01-2022,23:59:00,103,54,0
Merced,09-02-2022,23:59:00,104,58,0
Merced,09-03-2022,23:59:00,103,69,0
Merced,09-04-2022,23:59:00,104,58,0
Merced,09-05-2022,23:59:00,107,61,0
Merced,09-06-2022,23:59:00,112,64,0
Merced,09-07-2022,23:59:00,107,64,0
Merced,09-08-2022,23:59:00,104,62,0
Merced,09-09-2022,23:59:00,105,65,0
Merced,09-10-2022,23:59:00,90,66,0
Merced,09-11-2022,23:59:00,93,69,0
Merced,09-12-2022,23:59:00,96,62,0
Merced,09-13-2022,23:59:00,86,59,0
Merced,09-14-2022,23:59:00,82,58,0
Merced,09-15-2022,23:59:00,82,55,0
Merced,09-16-2022,23:59:00,85,49,0
Merced,09-17-2022,23:59:00,85,47,0
Merced,09-18-2022,23:59:00,77,54,0.18
Merced,09-19-2022,23:59:00,75,61,0.27
Merced,09-20-2022,23:59:00,81,59,0.01
Merced,09-21-2022,23:59:00,81,55,0
Merced,09-22-2022,23:59:00,84,52,0
Merced,09-23-2022,23:59:00,91,48,0
Merced,09-24-2022,23:59:00,95,49,0
Merced,09-25-2022,23:59:00,96,53,0
Merced,09-26-2022,23:59:00,96,56,0
Merced,09-27-2022,23:59:00,92,55,0
Merced,09-28-2022,23:59:00,92,50,0
Merced,09-29-2022,23:59:00,88,54,0
Merced,09-30-2022,23:59:00,91,49,0
Merced,10-01-2022,23:59:00,91,48,0
Merced,10-02-2022,23:59:00,84,53,0
Merced,10-03-2022,23:59:00,87,48,0
Merced,10-04-2022,23:59:00,88,50,0
Merced,10-05-2022,23:59:00,92,49,0
Merced,10-06-2022,23:59:00,94,48,0
Merced,10-07-2022,23:59:00,93,49,0
Merced,10-08-2022,23:59:00,93,49,0
Merced,10-09-2022,23:59:00,92,49,0
Merced,10-10-2022,23:59:00,92,48,0
Merced,10-11-2022,23:59:00,92,47,0
Merced,10-12-2022,23:59:00,88,49,0
Merced,10-13-2022,23:59:00,85,47,0
Merced,10-14-2022,23:59:00,88,44,0
Merced,10-15-2022,23:59:00,83,47,0
Merced,10-16-2022,23:59:00,76,49,0
Merced,10-17-2022,23:59:00,82,49,0
Merced,10-18-2022,23:59:00,80,47,0
Merced,10-19-2022,23:59:00,88,47,0
Merced,10-20-2022,23:59:00,87,48,0
Merced,10-21-2022,23:59:00,90,47,0
Merced,10-22-2022,23:59:00,74,46,0
Merced,10-23-2022,23:59:00,70,40,0
Merced,10-24-2022,23:59:00,74,35,0
Merced,10-25-2022,23:59:00,76,39,0
Merced,10-26-2022,23:59:00,71,41,0
Merced,10-27-2022,23:59:00,73,35,0
Merced,10-28-2022,23:59:00,76,37,0
Merced,10-29-2022,23:59:00,75,38,0
Merced,10-30-2022,23:59:00,76,37,0
Merced,10-31-2022,23:59:00,72,39,0
Merced,11-01-2022,23:59:00,68,41,0.31
Merced,11-02-2022,23:59:00,61,39,0.04
Merced,11-03-2022,23:59:00,59,36,0.01
Merced,11-04-2022,23:59:00,63,34,0
Merced,11-05-2022,23:59:00,66,35,0
Merced,11-06-2022,23:59:00,65,47,0.01
Merced,11-07-2022,23:59:00,59,47,0.3
Merced,11-08-2022,23:59:00,57,40,0.42
Merced,11-09-2022,23:59:00,61,36,0.03
Merced,11-10-2022,23:59:00,59,31,0.01
Merced,11-11-2022,23:59:00,60,30,0
Merced,11-12-2022,23:59:00,61,31,0
Merced,11-13-2022,23:59:00,60,34,0.01
Merced,11-14-2022,23:59:00,62,30,0
Merced,11-15-2022,23:59:00,64,29,0
Merced,11-16-2022,23:59:00,66,29,0
Merced,11-17-2022,23:59:00,66,29,0
Merced,11-18-2022,23:59:00,64,29,0
Merced,11-19-2022,23:59:00,65,29,0
Merced,11-20-2022,23:59:00,66,27,0
Merced,11-21-2022,23:59:00,64,26,0
Merced,11-22-2022,23:59:00,65,27,0
Merced,11-23-2022,23:59:00,64,29,0
Merced,11-24-2022,23:59:00,70,29,0
Merced,11-25-2022,23:59:00,72,30,0
Merced,11-26-2022,23:59:00,68,30,0
Merced,11-27-2022,23:59:00,67,29,0
Merced,11-28-2022,23:59:00,62,29,0
Merced,11-29-2022,23:59:00,58,28,0
Merced,11-30-2022,23:59:00,64,26,0
Merced,12-01-2022,23:59:00,53,35,0.86
Merced,12-02-2022,23:59:00,53,28,0.01
Merced,12-03-2022,23:59:00,61,42,0.73
Merced,12-04-2022,23:59:00,61,44,0.61
Merced,12-05-2022,23:59:00,62,37,0
Merced,12-06-2022,23:59:00,60,35,0.01
Merced,12-07-2022,23:59:00,55,33,0.01
Merced,12-08-2022,23:59:00,56,30,0
Merced,12-09-2022,23:59:00,60,46,0.01
Merced,12-10-2022,23:59:00,61,48,1.26
Merced,12-11-2022,23:59:00,54,42,0.5
Merced,12-12-2022,23:59:00,54,34,0.07
Merced,12-13-2022,23:59:00,54,28,0.01
Merced,12-14-2022,23:59:00,55,29,0
Merced,12-15-2022,23:59:00,54,29,0
Merced,12-16-2022,23:59:00,55,27,0
Merced,12-17-2022,23:59:00,53,27,0.01
Merced,12-18-2022,23:59:00,40,38,0
Merced,12-19-2022,23:59:00,42,37,0
Merced,12-20-2022,23:59:00,53,35,0
Merced,12-21-2022,23:59:00,44,37,0
Merced,12-22-2022,23:59:00,46,38,0
Merced,12-23-2022,23:59:00,53,31,0
Merced,12-24-2022,23:59:00,44,36,0.01
Merced,12-25-2022,23:59:00,45,40,0
Merced,12-26-2022,23:59:00,49,40,0.08
Merced,12-27-2022,23:59:00,55,43,1.15
Merced,12-28-2022,23:59:00,57,35,0.01
Merced,12-29-2022,23:59:00,52,45,0.3
Merced,12-30-2022,23:59:00,58,49,0.56
Merced,12-31-2022,23:59:00,59,47,0.06
San Francisco,01-01-2022,23:59:00,56,44,0.2
San Francisco,01-02-2022,23:59:00,55,43,0.21
San Francisco,01-03-2022,23:59:00,56,43,0.12
San Francisco,01-04-2022,23:59:00,55,43,0.4
San Francisco,01-05-2022,23:59:00,55,43,0.07
San Francisco,01-06-2022,23:59:00,54,43,0.13
San Francisco,01-07-2022,23:59:00,56,44,0.09
San Francisco,01-08-2022,23:59:00,55,44,0.06
San Francisco,01-09-2022,23:59:00,56,44,0.1
San Francisco,01-10-2022,23:59:00,57,44,0.11
San Francisco,01-11-2022,23:59:00,56,43,0.08
San Francisco,01-12-2022,23:59:00,56,44,0.16
San Francisco,01-13-2022,23:59:00,57,43,0.1
San Francisco,01-14-2022,23:59:00,55,43,0.08
San Francisco,01-15-2022,23:59:00,56,44,0.09
San Francisco,01-16-2022,23:59:00,57,44,0.12
San Francisco,01-17-2022,23:59:00,57,44,0.08
San Francisco,01-18-2022,23:59:00,58,44,0.18
San Francisco,01-19-2022,23:59:00,57,44,0.11
San Francisco,01-20-2022,23:59:00,56,44,0.13
San Francisco,01-21-2022,23:59:00,56,45,0.09
San Francisco,01-22-2022,23:59:00,56,44,0.2
San Francisco,01-23-2022,23:59:00,56,44,0.16
San Francisco,01-24-2022,23:59:00,57,44,0.2
San Francisco,01-25-2022,23:59:00,57,44,0.18
San Francisco,01-26-2022,23:59:00,57,45,0.18
San Francisco,01-27-2022,23:59:00,57,45,0.16
San Francisco,01-28-2022,23:59:00,57,45,0.12
San Francisco,01-29-2022,23:59:00,58,44,0.09
San Francisco,01-30-2022,23:59:00,58,44,0.09
San Francisco,01-31-2022,23:59:00,58,44,0.11
San Francisco,02-01-2022,23:59:00,58,44,0.06
San Francisco,02-02-2022,23:59:00,59,45,0.2
San Francisco,02-03-2022,23:59:00,59,45,0.11
San Francisco,02-04-2022,23:59:00,60,45,0.11
San Francisco,02-05-2022,23:59:00,59,45,0.05
San Francisco,02-06-2022,23:59:00,57,45,0.17
San Francisco,02-07-2022,23:59:00,58,46,0.17
San Francisco,02-08-2022,23:59:00,58,46,0.15
San Francisco,02-09-2022,23:59:00,59,45,0.09
San Francisco,02-10-2022,23:59:00,59,45,0.13
San Francisco,02-11-2022,23:59:00,59,46,0.13
San Francisco,02-12-2022,23:59:00,60,46,0.17
San Francisco,02-13-2022,23:59:00,60,47,0.16
San Francisco,02-14-2022,23:59:00,60,46,0.2
San Francisco,02-15-2022,23:59:00,59,46,0.31
San Francisco,02-16-2022,23:59:00,59,47,0.19
San Francisco,02-17-2022,23:59:00,60,47,0.22
San Francisco,02-18-2022,23:59:00,59,47,0.17
San Francisco,02-19-2022,23:59:00,60,47,0.24
San Francisco,02-20-2022,23:59:00,60,47,0.05
San Francisco,02-21-2022,23:59:00,61,47,0.14
San Francisco,02-22-2022,23:59:00,60,46,0.15
San Francisco,02-23-2022,23:59:00,59,46,0.1
San Francisco,02-24-2022,23:59:00,60,46,0.09
San Francisco,02-25-2022,23:59:00,60,46,0.12
San Francisco,02-26-2022,23:59:00,61,47,0.13
San Francisco,02-27-2022,23:59:00,61,48,0.14
San Francisco,02-28-2022,23:59:00,61,48,0.08
San Francisco,03-01-2022,23:59:00,60,48,0.11
San Francisco,03-02-2022,23:59:00,61,48,0.17
San Francisco,03-03-2022,23:59:00,60,47,0.13
San Francisco,03-04-2022,23:59:00,60,46,0.13
San Francisco,03-05-2022,23:59:00,60,47,0.13
San Francisco,03-06-2022,23:59:00,62,46,0.11
San Francisco,03-07-2022,23:59:00,62,47,0.06
San Francisco,03-08-2022,23:59:00,62,47,0.09
San Francisco,03-09-2022,23:59:00,62,47,0.07
San Francisco,03-10-2022,23:59:00,63,48,0.2
San Francisco,03-11-2022,23:59:00,63,48,0.07
San Francisco,03-12-2022,23:59:00,62,48,0.13
San Francisco,03-13-2022,23:59:00,62,48,0.09
San Francisco,03-14-2022,23:59:00,62,47,0.1
San Francisco,03-15-2022,23:59:00,62,47,0.08
San Francisco,03-16-2022,23:59:00,62,48,0.13
San Francisco,03-17-2022,23:59:00,62,48,0.09
San Francisco,03-18-2022,23:59:00,64,48,0.07
San Francisco,03-19-2022,23:59:00,63,49,0.02
San Francisco,03-20-2022,23:59:00,63,48,0.11
San Francisco,03-21-2022,23:59:00,61,49,0.06
San Francisco,03-22-2022,23:59:00,62,48,0.17
San Francisco,03-23-2022,23:59:00,62,48,0.11
San Francisco,03-24-2022,23:59:00,62,48,0.09
San Francisco,03-25-2022,23:59:00,62,48,0.1
San Francisco,03-26-2022,23:59:00,62,47,0.06
San Francisco,03-27-2022,23:59:00,64,47,0.07
San Francisco,03-28-2022,23:59:00,64,48,0.03
San Francisco,03-29-2022,23:59:00,64,47,0.04
San Francisco,03-30-2022,23:59:00,64,47,0.07
San Francisco,03-31-2022,23:59:00,64,48,0.11
San Francisco,04-01-2022,23:59:00,64,48,0.04
San Francisco,04-02-2022,23:59:00,63,48,0.06
San Francisco,04-03-2022,23:59:00,63,48,0.05
San Francisco,04-04-2022,23:59:00,63,48,0.06
San Francisco,04-05-2022,23:59:00,63,48,0.03
San Francisco,04-06-2022,23:59:00,64,49,0.03
San Francisco,04-07-2022,23:59:00,63,48,0.03
San Francisco,04-08-2022,23:59:00,63,48,0.05
San Francisco,04-09-2022,23:59:00,64,48,0.02
San Francisco,04-10-2022,23:59:00,64,49,0.06
San Francisco,04-11-2022,23:59:00,64,49,0.09
San Francisco,04-12-2022,23:59:00,65,48,0.11
San Francisco,04-13-2022,23:59:00,66,48,0.02
San Francisco,04-14-2022,23:59:00,65,48,0.02
San Francisco,04-15-2022,23:59:00,64,48,0.02
San Francisco,04-16-2022,23:59:00,64,50,0.06
San Francisco,04-17-2022,23:59:00,63,50,0.04
San Francisco,04-18-2022,23:59:00,64,49,0.04
San Francisco,04-19-2022,23:59:00,66,49,0.07
San Francisco,04-20-2022,23:59:00,65,50,0.06
San Francisco,04-21-2022,23:59:00,66,50,0.02
San Francisco,04-22-2022,23:59:00,65,50,0.04
San Francisco,04-23-2022,23:59:00,65,50,0.04
San Francisco,04-24-2022,23:59:00,64,50,0.03
San Francisco,04-25-2022,23:59:00,66,49,0.03
San Francisco,04-26-2022,23:59:00,67,49,0
San Francisco,04-27-2022,23:59:00,68,49,0.03
San Francisco,04-28-2022,23:59:00,67,50,0.04
San Francisco,04-29-2022,23:59:00,67,50,0.01
San Francisco,04-30-2022,23:59:00,66,50,0.04
San Francisco,05-01-2022,23:59:00,67,50,0.02
San Francisco,05-02-2022,23:59:00,67,51,0.02
San Francisco,05-03-2022,23:59:00,66,51,0.02
San Francisco,05-04-2022,23:59:00,67,51,0.03
San Francisco,05-05-2022,23:59:00,67,50,0.02
San Francisco,05-06-2022,23:59:00,67,50,0.03
San Francisco,05-07-2022,23:59:00,68,51,0.03
San Francisco,05-08-2022,23:59:00,67,51,0.01
San Francisco,05-09-2022,23:59:00,66,50,0.01
San Francisco,05-10-2022,23:59:00,67,50,0.01
San Francisco,05-11-2022,23:59:00,67,50,0
San Francisco,05-12-2022,23:59:00,67,50,0.02
San Francisco,05-13-2022,23:59:00,67,51,0.01
San Francisco,05-14-2022,23:59:00,67,51,0.01
San Francisco,05-15-2022,23:59:00,68,52,0.04
San Francisco,05-16-2022,23:59:00,68,52,0.01
San Francisco,05-17-2022,23:59:00,68,52,0.02
San Francisco,05-18-2022,23:59:00,67,51,0.01
San Francisco,05-19-2022,23:59:00,69,52,0.01
San Francisco,05-20-2022,23:59:00,68,52,0.01
San Francisco,05-21-2022,23:59:00,68,52,0.01
San Francisco,05-22-2022,23:59:00,69,51,0
San Francisco,05-23-2022,23:59:00,69,52,0.01
San Francisco,05-24-2022,23:59:00,69,52,0
San Francisco,05-25-2022,23:59:00,67,52,0
San Francisco,05-26-2022,23:59:00,67,52,0.01
San Francisco,05-27-2022,23:59:00,67,53,0.06
San Francisco,05-28-2022,23:59:00,68,52,0.02
San Francisco,05-29-2022,23:59:00,68,52,0.01
San Francisco,05-30-2022,23:59:00,70,53,0.02
San Francisco,05-31-2022,23:59:00,70,53,0
San Francisco,06-01-2022,23:59:00,70,53,0
San Francisco,06-02-2022,23:59:00,69,53,0.01
San Francisco,06-03-2022,23:59:00,68,53,0.01
San Francisco,06-04-2022,23:59:00,68,53,0.01
San Francisco,06-05-2022,23:59:00,70,53,0
San Francisco,06-06-2022,23:59:00,69,53,0.02
San Francisco,06-07-2022,23:59:00,68,53,0
San Francisco,06-08-2022,23:59:00,69,52,0
San Francisco,06-09-2022,23:59:00,70,53,0.01
San Francisco,06-10-2022,23:59:00,70,53,0
San Francisco,06-11-2022,23:59:00,68,53,0
San Francisco,06-12-2022,23:59:00,69,53,0
San Francisco,06-13-2022,23:59:00,72,53,0
San Francisco,06-14-2022,23:59:00,72,54,0
San Francisco,06-15-2022,23:59:00,70,54,0.01
San Francisco,06-16-2022,23:59:00,71,54,0.01
San Francisco,06-17-2022,23:59:00,72,54,0
San Francisco,06-18-2022,23:59:00,71,54,0
San Francisco,06-19-2022,23:59:00,71,54,0
San Francisco,06-20-2022,23:59:00,72,54,0
San Francisco,06-21-2022,23:59:00,73,54,0
San Francisco,06-22-2022,23:59:00,73,54,0
San Francisco,06-23-2022,23:59:00,70,53,0
San Francisco,06-24-2022,23:59:00,72,54,0
San Francisco,06-25-2022,23:59:00,73,54,0
San Francisco,06-26-2022,23:59:00,72,54,0
San Francisco,06-27-2022,23:59:00,73,55,0
San Francisco,06-28-2022,23:59:00,71,55,0.01
San Francisco,06-29-2022,23:59:00,71,55,0.01
San Francisco,06-30-2022,23:59:00,72,55,0
San Francisco,07-01-2022,23:59:00,73,55,0
San Francisco,07-02-2022,23:59:00,71,55,0
San Francisco,07-03-2022,23:59:00,72,54,0
San Francisco,07-04-2022,23:59:00,72,54,0
San Francisco,07-05-2022,23:59:00,71,54,0
San Francisco,07-06-2022,23:59:00,72,54,0
San Francisco,07-07-2022,23:59:00,72,54,0
San Francisco,07-08-2022,23:59:00,73,55,0
San Francisco,07-09-2022,23:59:00,73,55,0
San Francisco,07-10-2022,23:59:00,72,55,0
San Francisco,07-11-2022,23:59:00,72,55,0
San Francisco,07-12-2022,23:59:00,74,56,0
San Francisco,07-13-2022,23:59:00,74,55,0
San Francisco,07-14-2022,23:59:00,72,56,0
San Francisco,07-15-2022,23:59:00,73,55,0
San Francisco,07-16-2022,23:59:00,71,55,0
San Francisco,07-17-2022,23:59:00,72,55,0
San Francisco,07-18-2022,23:59:00,73,56,0
San Francisco,07-19-2022,23:59:00,72,56,0
San Francisco,07-20-2022,23:59:00,72,56,0
San Francisco,07-21-2022,23:59:00,70,56,0
San Francisco,07-22-2022,23:59:00,72,56,0
San Francisco,07-23-2022,23:59:00,72,56,0
San Francisco,07-24-2022,23:59:00,72,56,0
San Francisco,07-25-2022,23:59:00,72,55,0
San Francisco,07-26-2022,23:59:00,72,55,0
San Francisco,07-27-2022,23:59:00,71,55,0
San Francisco,07-28-2022,23:59:00,70,56,0
San Francisco,07-29-2022,23:59:00,71,56,0
San Francisco,07-30-2022,23:59:00,72,55,0
San Francisco,07-31-2022,23:59:00,72,56,0
San Francisco,08-01-2022,23:59:00,73,56,0
San Francisco,08-02-2022,23:59:00,73,56,0
San Francisco,08-03-2022,23:59:00,72,56,0
San Francisco,08-04-2022,23:59:00,72,56,0
San Francisco,08-05-2022,23:59:00,72,56,0
San Francisco,08-06-2022,23:59:00,74,56,0
San Francisco,08-07-2022,23:59:00,73,56,0
San Francisco,08-08-2022,23:59:00,73,56,0
San Francisco,08-09-2022,23:59:00,74,56,0
San Francisco,08-10-2022,23:59:00,73,56,0
San Francisco,08-11-2022,23:59:00,72,56,0
San Francisco,08-12-2022,23:59:00,73,56,0
San Francisco,08-13-2022,23:59:00,73,56,0.01
San Francisco,08-14-2022,23:59:00,71,56,0
San Francisco,08-15-2022,23:59:00,72,56,0
San Francisco,08-16-2022,23:59:00,72,55,0
San Francisco,08-17-2022,23:59:00,72,56,0
San Francisco,08-18-2022,23:59:00,71,56,0
San Francisco,08-19-2022,23:59:00,71,56,0.02
San Francisco,08-20-2022,23:59:00,71,56,0
San Francisco,08-21-2022,23:59:00,72,56,0
San Francisco,08-22-2022,23:59:00,73,56,0
San Francisco,08-23-2022,23:59:00,72,56,0
San Francisco,08-24-2022,23:59:00,73,56,0
San Francisco,08-25-2022,23:59:00,73,56,0
San Francisco,08-26-2022,23:59:00,74,56,0
San Francisco,08-27-2022,23:59:00,75,56,0
San Francisco,08-28-2022,23:59:00,74,57,0
San Francisco,08-29-2022,23:59:00,73,57,0.01
San Francisco,08-30-2022,23:59:00,73,57,0
San Francisco,08-31-2022,23:59:00,75,56,0
San Francisco,09-01-2022,23:59:00,74,56,0
San Francisco,09-02-2022,23:59:00,76,56,0
San Francisco,09-03-2022,23:59:00,74,56,0
San Francisco,09-04-2022,23:59:00,75,56,0
San Francisco,09-05-2022,23:59:00,76,56,0
San Francisco,09-06-2022,23:59:00,75,56,0
San Francisco,09-07-2022,23:59:00,75,56,0
San Francisco,09-08-2022,23:59:00,73,56,0.01
San Francisco,09-09-2022,23:59:00,72,56,0
San Francisco,09-10-2022,23:59:00,73,55,0
San Francisco,09-11-2022,23:59:00,74,56,0
San Francisco,09-12-2022,23:59:00,73,56,0
San Francisco,09-13-2022,23:59:00,73,56,0.01
San Francisco,09-14-2022,23:59:00,71,56,0
San Francisco,09-15-2022,23:59:00,71,56,0
San Francisco,09-16-2022,23:59:00,71,55,0.03
San Francisco,09-17-2022,23:59:00,74,56,0.02
San Francisco,09-18-2022,23:59:00,74,55,0
San Francisco,09-19-2022,23:59:00,75,55,0
San Francisco,09-20-2022,23:59:00,75,55,0
San Francisco,09-21-2022,23:59:00,74,55,0
San Francisco,09-22-2022,23:59:00,73,55,0.01
San Francisco,09-23-2022,23:59:00,72,55,0.02
San Francisco,09-24-2022,23:59:00,74,55,0.01
San Francisco,09-25-2022,23:59:00,73,55,0.02
San Francisco,09-26-2022,23:59:00,75,56,0.01
San Francisco,09-27-2022,23:59:00,73,56,0
San Francisco,09-28-2022,23:59:00,72,55,0.01
San Francisco,09-29-2022,23:59:00,74,55,0
San Francisco,09-30-2022,23:59:00,73,55,0.02
San Francisco,10-01-2022,23:59:00,70,55,0
San Francisco,10-02-2022,23:59:00,71,55,0.01
San Francisco,10-03-2022,23:59:00,72,54,0
San Francisco,10-04-2022,23:59:00,73,55,0.02
San Francisco,10-05-2022,23:59:00,74,55,0
San Francisco,10-06-2022,23:59:00,73,54,0
San Francisco,10-07-2022,23:59:00,73,54,0.01
San Francisco,10-08-2022,23:59:00,74,54,0
San Francisco,10-09-2022,23:59:00,73,54,0.03
San Francisco,10-10-2022,23:59:00,72,54,0.04
San Francisco,10-11-2022,23:59:00,70,53,0
San Francisco,10-12-2022,23:59:00,71,53,0.05
San Francisco,10-13-2022,23:59:00,72,53,0.1
San Francisco,10-14-2022,23:59:00,72,53,0
San Francisco,10-15-2022,23:59:00,70,53,0.01
San Francisco,10-16-2022,23:59:00,71,53,0.03
San Francisco,10-17-2022,23:59:00,72,52,0.01
San Francisco,10-18-2022,23:59:00,70,52,0
San Francisco,10-19-2022,23:59:00,69,52,0.07
San Francisco,10-20-2022,23:59:00,69,52,0.03
San Francisco,10-21-2022,23:59:00,70,52,0.01
San Francisco,10-22-2022,23:59:00,70,53,0
San Francisco,10-23-2022,23:59:00,70,53,0.06
San Francisco,10-24-2022,23:59:00,71,53,0.05
San Francisco,10-25-2022,23:59:00,70,53,0.07
San Francisco,10-26-2022,23:59:00,69,52,0.11
San Francisco,10-27-2022,23:59:00,68,52,0.07
San Francisco,10-28-2022,23:59:00,67,52,0.05
San Francisco,10-29-2022,23:59:00,66,52,0.08
San Francisco,10-30-2022,23:59:00,66,51,0.02
San Francisco,10-31-2022,23:59:00,68,51,0.01
San Francisco,11-01-2022,23:59:00,68,50,0.05
San Francisco,11-02-2022,23:59:00,67,51,0.02
San Francisco,11-03-2022,23:59:00,68,51,0.01
San Francisco,11-04-2022,23:59:00,67,50,0
San Francisco,11-05-2022,23:59:00,66,50,0.07
San Francisco,11-06-2022,23:59:00,66,51,0.05
San Francisco,11-07-2022,23:59:00,66,51,0.14
San Francisco,11-08-2022,23:59:00,64,50,0.1
San Francisco,11-09-2022,23:59:00,63,49,0.05
San Francisco,11-10-2022,23:59:00,64,50,0.15
San Francisco,11-11-2022,23:59:00,64,49,0.04
San Francisco,11-12-2022,23:59:00,64,49,0.15
San Francisco,11-13-2022,23:59:00,63,49,0.16
San Francisco,11-14-2022,23:59:00,64,49,0.03
San Francisco,11-15-2022,23:59:00,63,49,0.05
San Francisco,11-16-2022,23:59:00,63,49,0.1
San Francisco,11-17-2022,23:59:00,63,50,0.11
San Francisco,11-18-2022,23:59:00,62,48,0.09
San Francisco,11-19-2022,23:59:00,62,48,0.05
San Francisco,11-20-2022,23:59:00,61,47,0.06
San Francisco,11-21-2022,23:59:00,60,47,0.04
San Francisco,11-22-2022,23:59:00,60,47,0.05
San Francisco,11-23-2022,23:59:00,60,47,0.07
San Francisco,11-24-2022,23:59:00,60,46,0.17
San Francisco,11-25-2022,23:59:00,60,47,0.12
San Francisco,11-26-2022,23:59:00,59,46,0.07
San Francisco,11-27-2022,23:59:00,59,47,0.1
San Francisco,11-28-2022,23:59:00,60,46,0.1
San Francisco,11-29-2022,23:59:00,59,46,0.11
San Francisco,11-30-2022,23:59:00,59,46,0.09
San Francisco,12-01-2022,23:59:00,59,45,0.11
San Francisco,12-02-2022,23:59:00,59,45,0.11
San Francisco,12-03-2022,23:59:00,59,46,0.04
San Francisco,12-04-2022,23:59:00,58,45,0.07
San Francisco,12-05-2022,23:59:00,59,46,0.08
San Francisco,12-06-2022,23:59:00,59,47,0.13
San Francisco,12-07-2022,23:59:00,59,46,0.13
San Francisco,12-08-2022,23:59:00,59,46,0.14
San Francisco,12-09-2022,23:59:00,60,47,0.16
San Francisco,12-10-2022,23:59:00,58,46,0.14
San Francisco,12-11-2022,23:59:00,58,45,0.19
San Francisco,12-12-2022,23:59:00,57,45,0.12
San Francisco,12-13-2022,23:59:00,57,46,0.14
San Francisco,12-14-2022,23:59:00,57,45,0.14
San Francisco,12-15-2022,23:59:00,56,44,0.1
San Francisco,12-16-2022,23:59:00,56,44,0.1
San Francisco,12-17-2022,23:59:00,57,43,0.12
San Francisco,12-18-2022,23:59:00,57,44,0.13
San Francisco,12-19-2022,23:59:00,56,44,0.18
San Francisco,12-20-2022,23:59:00,55,44,0.11
San Francisco,12-21-2022,23:59:00,54,43,0.18
San Francisco,12-22-2022,23:59:00,54,43,0.16
San Francisco,12-23-2022,23:59:00,55,41,0.02
San Francisco,12-24-2022,23:59:00,55,42,0.13
San Francisco,12-25-2022,23:59:00,54,41,0.09
San Francisco,12-26-2022,23:59:00,55,43,0.1
San Francisco,12-27-2022,23:59:00,55,43,0.15
San Francisco,12-28-2022,23:59:00,55,44,0.24
San Francisco,12-29-2022,23:59:00,55,44,0.3
San Francisco,12-30-2022,23:59:00,55,44,0.1
San Francisco,12-31-2022,23:59:00,55,45,0.12
